Year,State Population,County Name,State Abbreviation,County Population,BUYER_MME
2003,16829174,ALACHUA,FL,226775,0.0
2003,16829174,BAKER,FL,23713,0.0
2003,16829174,BAY,FL,154444,0.0
2003,16829174,BRADFORD,FL,26822,0.0
2003,16829174,BREVARD,FL,496420,0.0
2003,16829174,BROWARD,FL,1660525,0.0
2003,16829174,CALHOUN,FL,13488,0.0
2003,16829174,CHARLOTTE,FL,147122,0.0
2003,16829174,CITRUS,FL,125042,0.0
2003,16829174,CLAY,FL,155812,0.0
2003,16829174,COLLIER,FL,272445,0.0
2003,16829174,COLUMBIA,FL,59746,0.0
2003,16829174,DESOTO,FL,33002,0.0
2003,16829174,DIXIE,FL,14556,0.0
2003,16829174,DUVAL,FL,804507,0.0
2003,16829174,ESCAMBIA,FL,295375,0.0
2003,16829174,FLAGLER,FL,63582,0.0
2003,16829174,FRANKLIN,FL,10343,0.0
2003,16829174,GADSDEN,FL,45836,0.0
2003,16829174,GILCHRIST,FL,15182,0.0
2003,16829174,GLADES,FL,11236,0.0
2003,16829174,GULF,FL,14941,0.0
2003,16829174,HAMILTON,FL,13765,0.0
2003,16829174,HARDEE,FL,27118,0.0
2003,16829174,HENDRY,FL,37072,0.0
2003,16829174,HERNANDO,FL,143389,0.0
2003,16829174,HIGHLANDS,FL,90811,0.0
2003,16829174,HILLSBOROUGH,FL,1068048,0.0
2003,16829174,HOLMES,FL,18972,0.0
2003,16829174,INDIAN RIVER,FL,120422,0.0
2003,16829174,JACKSON,FL,47675,0.0
2003,16829174,JEFFERSON,FL,13440,0.0
2003,16829174,LAFAYETTE,FL,7574,0.0
2003,16829174,LAKE,FL,236407,0.0
2003,16829174,LEE,FL,494262,0.0
2003,16829174,LEON,FL,250303,0.0
2003,16829174,LEVY,FL,36353,0.0
2003,16829174,LIBERTY,FL,7416,0.0
2003,16829174,MADISON,FL,18873,0.0
2003,16829174,MANATEE,FL,281660,0.0
2003,16829174,MARION,FL,280602,0.0
2003,16829174,MARTIN,FL,132801,0.0
2003,16829174,MIAMI-DADE,FL,2327059,0.0
2003,16829174,MONROE,FL,77649,0.0
2003,16829174,NASSAU,FL,62343,0.0
2003,16829174,OKALOOSA,FL,173610,0.0
2003,16829174,OKEECHOBEE,FL,37108,0.0
2003,16829174,ORANGE,FL,971072,0.0
2003,16829174,OSCEOLA,FL,201368,0.0
2003,16829174,PALM BEACH,FL,1187874,0.0
2003,16829174,PASCO,FL,380734,0.0
2003,16829174,PINELLAS,FL,920090,0.0
2003,16829174,POLK,FL,519351,0.0
2003,16829174,PUTNAM,FL,71603,0.0
2003,16829174,ST. JOHNS,FL,143277,0.0
2003,16829174,ST. LUCIE,FL,218053,0.0
2003,16829174,SANTA ROSA,FL,127838,0.0
2003,16829174,SARASOTA,FL,342031,0.0
2003,16829174,SEMINOLE,FL,382626,0.0
2003,16829174,SUMTER,FL,65361,0.0
2003,16829174,SUWANNEE,FL,36882,0.0
2003,16829174,TAYLOR,FL,20249,0.0
2003,16829174,UNION,FL,14061,0.0
2003,16829174,VOLUSIA,FL,458748,0.0
2003,16829174,WAKULLA,FL,25236,0.0
2003,16829174,WALTON,FL,44905,0.0
2003,16829174,WASHINGTON,FL,22151,0.0
2004,17111375,ALACHUA,FL,229712,0.0
2004,17111375,BAKER,FL,24199,0.0
2004,17111375,BAY,FL,156502,0.0
2004,17111375,BRADFORD,FL,27064,0.0
2004,17111375,BREVARD,FL,503127,0.0
2004,17111375,BROWARD,FL,1673042,0.0
2004,17111375,CALHOUN,FL,13650,0.0
2004,17111375,CHARLOTTE,FL,148956,0.0
2004,17111375,CITRUS,FL,127354,0.0
2004,17111375,CLAY,FL,160820,0.0
2004,17111375,COLLIER,FL,279456,0.0
2004,17111375,COLUMBIA,FL,60857,0.0
2004,17111375,DESOTO,FL,33268,0.0
2004,17111375,DIXIE,FL,14822,0.0
2004,17111375,DUVAL,FL,813044,0.0
2004,17111375,ESCAMBIA,FL,295695,0.0
2004,17111375,FLAGLER,FL,68170,0.0
2004,17111375,FRANKLIN,FL,10515,0.0
2004,17111375,GADSDEN,FL,46109,0.0
2004,17111375,GILCHRIST,FL,15433,0.0
2004,17111375,GLADES,FL,11471,0.0
2004,17111375,GULF,FL,15072,0.0
2004,17111375,HAMILTON,FL,13913,0.0
2004,17111375,HARDEE,FL,27206,0.0
2004,17111375,HENDRY,FL,37368,0.0
2004,17111375,HERNANDO,FL,147587,0.0
2004,17111375,HIGHLANDS,FL,91951,0.0
2004,17111375,HILLSBOROUGH,FL,1091066,0.0
2004,17111375,HOLMES,FL,19108,0.0
2004,17111375,INDIAN RIVER,FL,122937,0.0
2004,17111375,JACKSON,FL,47973,0.0
2004,17111375,JEFFERSON,FL,13628,0.0
2004,17111375,LAFAYETTE,FL,7759,0.0
2004,17111375,LAKE,FL,245070,0.0
2004,17111375,LEE,FL,512046,0.0
2004,17111375,LEON,FL,253901,0.0
2004,17111375,LEVY,FL,36988,0.0
2004,17111375,LIBERTY,FL,7551,0.0
2004,17111375,MADISON,FL,18924,0.0
2004,17111375,MANATEE,FL,287548,0.0
2004,17111375,MARION,FL,287845,0.0
2004,17111375,MARTIN,FL,134809,0.0
2004,17111375,MIAMI-DADE,FL,2351481,0.0
2004,17111375,MONROE,FL,76998,0.0
2004,17111375,NASSAU,FL,63909,0.0
2004,17111375,OKALOOSA,FL,174640,0.0
2004,17111375,OKEECHOBEE,FL,37521,0.0
2004,17111375,ORANGE,FL,996055,0.0
2004,17111375,OSCEOLA,FL,210984,0.0
2004,17111375,PALM BEACH,FL,1206769,0.0
2004,17111375,PASCO,FL,392729,0.0
2004,17111375,PINELLAS,FL,919620,0.0
2004,17111375,POLK,FL,531172,0.0
2004,17111375,PUTNAM,FL,71998,0.0
2004,17111375,ST. JOHNS,FL,149957,0.0
2004,17111375,ST. LUCIE,FL,226511,0.0
2004,17111375,SANTA ROSA,FL,131200,0.0
2004,17111375,SARASOTA,FL,347374,0.0
2004,17111375,SEMINOLE,FL,388352,0.0
2004,17111375,SUMTER,FL,69369,0.0
2004,17111375,SUWANNEE,FL,37549,0.0
2004,17111375,TAYLOR,FL,20581,0.0
2004,17111375,UNION,FL,14272,0.0
2004,17111375,VOLUSIA,FL,463869,0.0
2004,17111375,WAKULLA,FL,26029,0.0
2004,17111375,WALTON,FL,46353,0.0
2004,17111375,WASHINGTON,FL,22543,0.0
2005,17393576,ALACHUA,FL,232649,0.0
2005,17393576,BAKER,FL,24685,0.0
2005,17393576,BAY,FL,158560,0.0
2005,17393576,BRADFORD,FL,27306,0.0
2005,17393576,BREVARD,FL,509834,0.0
2005,17393576,BROWARD,FL,1685559,0.0
2005,17393576,CALHOUN,FL,13812,0.0
2005,17393576,CHARLOTTE,FL,150790,0.0
2005,17393576,CITRUS,FL,129666,0.0
2005,17393576,CLAY,FL,165828,0.0
2005,17393576,COLLIER,FL,286467,0.0
2005,17393576,COLUMBIA,FL,61968,0.0
2005,17393576,DESOTO,FL,33534,0.0
2005,17393576,DIXIE,FL,15088,0.0
2005,17393576,DUVAL,FL,821581,0.0
2005,17393576,ESCAMBIA,FL,296015,0.0
2005,17393576,FLAGLER,FL,72758,0.0
2005,17393576,FRANKLIN,FL,10687,0.0
2005,17393576,GADSDEN,FL,46382,0.0
2005,17393576,GILCHRIST,FL,15684,0.0
2005,17393576,GLADES,FL,11706,0.0
2005,17393576,GULF,FL,15203,0.0
2005,17393576,HAMILTON,FL,14061,0.0
2005,17393576,HARDEE,FL,27294,0.0
2005,17393576,HENDRY,FL,37664,0.0
2005,17393576,HERNANDO,FL,151785,0.0
2005,17393576,HIGHLANDS,FL,93091,0.0
2005,17393576,HILLSBOROUGH,FL,1114084,0.0
2005,17393576,HOLMES,FL,19244,0.0
2005,17393576,INDIAN RIVER,FL,125452,0.0
2005,17393576,JACKSON,FL,48271,0.0
2005,17393576,JEFFERSON,FL,13816,0.0
2005,17393576,LAFAYETTE,FL,7944,0.0
2005,17393576,LAKE,FL,253733,0.0
2005,17393576,LEE,FL,529830,0.0
2005,17393576,LEON,FL,257499,0.0
2005,17393576,LEVY,FL,37623,0.0
2005,17393576,LIBERTY,FL,7686,0.0
2005,17393576,MADISON,FL,18975,0.0
2005,17393576,MANATEE,FL,293436,0.0
2005,17393576,MARION,FL,295088,0.0
2005,17393576,MARTIN,FL,136817,0.0
2005,17393576,MIAMI-DADE,FL,2375903,0.0
2005,17393576,MONROE,FL,76347,0.0
2005,17393576,NASSAU,FL,65475,0.0
2005,17393576,OKALOOSA,FL,175670,0.0
2005,17393576,OKEECHOBEE,FL,37934,0.0
2005,17393576,ORANGE,FL,1021038,0.0
2005,17393576,OSCEOLA,FL,220600,0.0
2005,17393576,PALM BEACH,FL,1225664,0.0
2005,17393576,PASCO,FL,404724,0.0
2005,17393576,PINELLAS,FL,919150,0.0
2005,17393576,POLK,FL,542993,0.0
2005,17393576,PUTNAM,FL,72393,0.0
2005,17393576,ST. JOHNS,FL,156637,0.0
2005,17393576,ST. LUCIE,FL,234969,0.0
2005,17393576,SANTA ROSA,FL,134562,0.0
2005,17393576,SARASOTA,FL,352717,0.0
2005,17393576,SEMINOLE,FL,394078,0.0
2005,17393576,SUMTER,FL,73377,0.0
2005,17393576,SUWANNEE,FL,38216,0.0
2005,17393576,TAYLOR,FL,20913,0.0
2005,17393576,UNION,FL,14483,0.0
2005,17393576,VOLUSIA,FL,468990,0.0
2005,17393576,WAKULLA,FL,26822,0.0
2005,17393576,WALTON,FL,47801,0.0
2005,17393576,WASHINGTON,FL,22935,0.0
2006,17675777,ALACHUA,FL,235586,82596.61868772545
2006,17675777,BAKER,FL,25171,11900.17863750001
2006,17675777,BAY,FL,160618,61998.102472075334
2006,17675777,BRADFORD,FL,27548,13424.830894900015
2006,17675777,BREVARD,FL,516541,201186.1534030777
2006,17675777,BROWARD,FL,1698076,1222607.3896560902
2006,17675777,CALHOUN,FL,13974,1851.9058229999996
2006,17675777,CHARLOTTE,FL,152624,82123.59715793793
2006,17675777,CITRUS,FL,131978,49646.89102933754
2006,17675777,CLAY,FL,170836,69327.2899772003
2006,17675777,COLLIER,FL,293478,107528.68073415094
2006,17675777,COLUMBIA,FL,63079,27550.68170858753
2006,17675777,DESOTO,FL,33800,7179.580011499999
2006,17675777,DIXIE,FL,15354,2952.7461249999997
2006,17675777,DUVAL,FL,830118,293452.9754726703
2006,17675777,ESCAMBIA,FL,296335,96186.44732701319
2006,17675777,FLAGLER,FL,77346,21015.019383675044
2006,17675777,FRANKLIN,FL,10859,2174.577223
2006,17675777,GADSDEN,FL,46655,6021.017100224995
2006,17675777,GILCHRIST,FL,15935,4032.60595
2006,17675777,GLADES,FL,11941,0.0
2006,17675777,GULF,FL,15334,3543.341615999999
2006,17675777,HAMILTON,FL,14209,1804.8995505
2006,17675777,HARDEE,FL,27382,3682.568104999998
2006,17675777,HENDRY,FL,37960,16527.160282500015
2006,17675777,HERNANDO,FL,155983,78727.92757445051
2006,17675777,HIGHLANDS,FL,94231,22995.715222500025
2006,17675777,HILLSBOROUGH,FL,1137102,1027723.7849871983
2006,17675777,HOLMES,FL,19380,5115.280069999995
2006,17675777,INDIAN RIVER,FL,127967,43237.351081762514
2006,17675777,JACKSON,FL,48569,9866.875337500009
2006,17675777,JEFFERSON,FL,14004,1465.4849205000003
2006,17675777,LAFAYETTE,FL,8129,1215.701375
2006,17675777,LAKE,FL,262396,64563.41932242543
2006,17675777,LEE,FL,547614,309886.70674428047
2006,17675777,LEON,FL,261097,43067.63904172506
2006,17675777,LEVY,FL,38258,18659.65354300001
2006,17675777,LIBERTY,FL,7821,628.4498325000002
2006,17675777,MADISON,FL,19026,2315.6333313624996
2006,17675777,MANATEE,FL,299324,150205.64369561453
2006,17675777,MARION,FL,302331,114208.97585438893
2006,17675777,MARTIN,FL,138825,68573.1287873627
2006,17675777,MIAMI-DADE,FL,2400325,303039.71808595717
2006,17675777,MONROE,FL,75696,42203.18011572499
2006,17675777,NASSAU,FL,67041,26318.17944131252
2006,17675777,OKALOOSA,FL,176700,51768.8785417501
2006,17675777,OKEECHOBEE,FL,38347,20628.537535312524
2006,17675777,ORANGE,FL,1046021,249616.18134774387
2006,17675777,OSCEOLA,FL,230216,50817.72196881255
2006,17675777,PALM BEACH,FL,1244559,645319.179489853
2006,17675777,PASCO,FL,416719,268426.0533706659
2006,17675777,PINELLAS,FL,918680,607000.7514848216
2006,17675777,POLK,FL,554814,178941.7804374279
2006,17675777,PUTNAM,FL,72788,38637.50297338753
2006,17675777,ST. JOHNS,FL,163317,43666.08352572504
2006,17675777,ST. LUCIE,FL,243427,95970.45342936304
2006,17675777,SANTA ROSA,FL,137924,44111.67851095005
2006,17675777,SARASOTA,FL,358060,186351.13329227694
2006,17675777,SEMINOLE,FL,399804,134735.66849281418
2006,17675777,SUMTER,FL,77385,12822.867205000015
2006,17675777,SUWANNEE,FL,38883,9345.596314950006
2006,17675777,TAYLOR,FL,21245,5544.28480749999
2006,17675777,UNION,FL,14694,2453.7138810000006
2006,17675777,VOLUSIA,FL,474111,166518.40532765217
2006,17675777,WAKULLA,FL,27615,5464.253893999995
2006,17675777,WALTON,FL,49249,22041.41405562502
2006,17675777,WASHINGTON,FL,23327,7659.0319009999985
2007,17957978,ALACHUA,FL,238523,95259.627976788
2007,17957978,BAKER,FL,25657,13793.788183225011
2007,17957978,BAY,FL,162676,61255.85799926284
2007,17957978,BRADFORD,FL,27790,15854.865475125016
2007,17957978,BREVARD,FL,523248,246505.6839382409
2007,17957978,BROWARD,FL,1710593,1720337.481721523
2007,17957978,CALHOUN,FL,14136,2021.5322534999993
2007,17957978,CHARLOTTE,FL,154458,103366.66686720062
2007,17957978,CITRUS,FL,134290,58420.50957311264
2007,17957978,CLAY,FL,175844,85815.94069482553
2007,17957978,COLLIER,FL,300489,129910.31275692614
2007,17957978,COLUMBIA,FL,64190,30011.436168012526
2007,17957978,DESOTO,FL,34066,7726.090771792501
2007,17957978,DIXIE,FL,15620,3098.699741362499
2007,17957978,DUVAL,FL,838655,344954.3654414952
2007,17957978,ESCAMBIA,FL,296655,113832.92120252833
2007,17957978,FLAGLER,FL,81934,24313.087587762537
2007,17957978,FRANKLIN,FL,11031,2099.0765175
2007,17957978,GADSDEN,FL,46928,7138.511467499996
2007,17957978,GILCHRIST,FL,16186,4195.956289499998
2007,17957978,GLADES,FL,12176,0.0
2007,17957978,GULF,FL,15465,3813.9477659999993
2007,17957978,HAMILTON,FL,14357,2249.3530935
2007,17957978,HARDEE,FL,27470,3996.1595724999975
2007,17957978,HENDRY,FL,38256,19191.32901208751
2007,17957978,HERNANDO,FL,160181,111241.4308961157
2007,17957978,HIGHLANDS,FL,95371,24466.187287940025
2007,17957978,HILLSBOROUGH,FL,1160120,1189548.9667853315
2007,17957978,HOLMES,FL,19516,5388.630639224995
2007,17957978,INDIAN RIVER,FL,130482,51702.13878888754
2007,17957978,JACKSON,FL,48867,11355.734547500013
2007,17957978,JEFFERSON,FL,14192,1732.0343370000003
2007,17957978,LAFAYETTE,FL,8314,1355.7724875000001
2007,17957978,LAKE,FL,271059,82180.02733157581
2007,17957978,LEE,FL,565398,295673.26356946747
2007,17957978,LEON,FL,264695,47083.40082031253
2007,17957978,LEVY,FL,38893,22313.80050372501
2007,17957978,LIBERTY,FL,7956,738.3230205000002
2007,17957978,MADISON,FL,19077,2632.5273742249997
2007,17957978,MANATEE,FL,305212,172443.21415869208
2007,17957978,MARION,FL,309574,140167.10838946432
2007,17957978,MARTIN,FL,140833,77097.8693673128
2007,17957978,MIAMI-DADE,FL,2424747,373495.8811988588
2007,17957978,MONROE,FL,75045,46281.924684224985
2007,17957978,NASSAU,FL,68607,30364.848846725017
2007,17957978,OKALOOSA,FL,177730,51948.68690433759
2007,17957978,OKEECHOBEE,FL,38760,24923.11014090003
2007,17957978,ORANGE,FL,1071004,305170.61644328275
2007,17957978,OSCEOLA,FL,239832,64095.23232798778
2007,17957978,PALM BEACH,FL,1263454,924515.0144846966
2007,17957978,PASCO,FL,428714,356094.00887001725
2007,17957978,PINELLAS,FL,918210,636336.2976674886
2007,17957978,POLK,FL,566635,170075.5240326901
2007,17957978,PUTNAM,FL,73183,39640.18058001255
2007,17957978,ST. JOHNS,FL,169997,49616.90935490009
2007,17957978,ST. LUCIE,FL,251885,112422.71420492567
2007,17957978,SANTA ROSA,FL,141286,51318.02323173009
2007,17957978,SARASOTA,FL,363403,242670.38616229242
2007,17957978,SEMINOLE,FL,405530,185430.98862421451
2007,17957978,SUMTER,FL,81393,16784.182853000028
2007,17957978,SUWANNEE,FL,39550,11324.528017850014
2007,17957978,TAYLOR,FL,21577,6762.137541362494
2007,17957978,UNION,FL,14905,2777.340379399999
2007,17957978,VOLUSIA,FL,479232,195477.55301975217
2007,17957978,WAKULLA,FL,28408,7575.903873499998
2007,17957978,WALTON,FL,50697,24799.00105896502
2007,17957978,WASHINGTON,FL,23719,9660.023178300005
2008,18240179,ALACHUA,FL,241460,114675.22192176315
2008,18240179,BAKER,FL,26143,15651.32215422501
2008,18240179,BAY,FL,164734,65665.01292126295
2008,18240179,BRADFORD,FL,28032,17501.063683500026
2008,18240179,BREVARD,FL,529955,317947.5992637904
2008,18240179,BROWARD,FL,1723110,2180537.4886392895
2008,18240179,CALHOUN,FL,14298,2225.156549999999
2008,18240179,CHARLOTTE,FL,156292,142308.39840052585
2008,18240179,CITRUS,FL,136602,71761.41768466281
2008,18240179,CLAY,FL,180852,98532.92591601308
2008,18240179,COLLIER,FL,307500,147472.34738600106
2008,18240179,COLUMBIA,FL,65301,37731.01713781254
2008,18240179,DESOTO,FL,34332,7953.604365000002
2008,18240179,DIXIE,FL,15886,3247.3897649999994
2008,18240179,DUVAL,FL,847192,408809.25508610735
2008,18240179,ESCAMBIA,FL,296975,116136.84399338838
2008,18240179,FLAGLER,FL,86522,30727.470412450057
2008,18240179,FRANKLIN,FL,11203,2152.9779473625
2008,18240179,GADSDEN,FL,47201,6724.820623499995
2008,18240179,GILCHRIST,FL,16437,4955.842199999998
2008,18240179,GLADES,FL,12411,0.0
2008,18240179,GULF,FL,15596,3573.714214999998
2008,18240179,HAMILTON,FL,14505,3039.9917909999995
2008,18240179,HARDEE,FL,27558,4647.926044499996
2008,18240179,HENDRY,FL,38552,20998.036911000014
2008,18240179,HERNANDO,FL,164379,197158.7753677134
2008,18240179,HIGHLANDS,FL,96511,28613.962263500045
2008,18240179,HILLSBOROUGH,FL,1183138,1507903.618625773
2008,18240179,HOLMES,FL,19652,5350.438789587494
2008,18240179,INDIAN RIVER,FL,132997,64186.802972625184
2008,18240179,JACKSON,FL,49165,12130.103321500013
2008,18240179,JEFFERSON,FL,14380,2123.4259035
2008,18240179,LAFAYETTE,FL,8499,1361.09275
2008,18240179,LAKE,FL,279722,103711.04927070081
2008,18240179,LEE,FL,583182,340668.92952729267
2008,18240179,LEON,FL,268293,51120.2500932626
2008,18240179,LEVY,FL,39528,28379.512612900024
2008,18240179,LIBERTY,FL,8091,771.9740625
2008,18240179,MADISON,FL,19128,2793.881285362499
2008,18240179,MANATEE,FL,311100,196741.84314975183
2008,18240179,MARION,FL,316817,160020.95087336405
2008,18240179,MARTIN,FL,142841,99157.77964272536
2008,18240179,MIAMI-DADE,FL,2449169,519536.8065603959
2008,18240179,MONROE,FL,74394,53446.096214362544
2008,18240179,NASSAU,FL,70173,38339.252757000046
2008,18240179,OKALOOSA,FL,178760,53881.85670031267
2008,18240179,OKEECHOBEE,FL,39173,29189.020214925018
2008,18240179,ORANGE,FL,1095987,483055.0875378097
2008,18240179,OSCEOLA,FL,249448,93117.01540626302
2008,18240179,PALM BEACH,FL,1282349,1334354.383170287
2008,18240179,PASCO,FL,440709,494709.0844496185
2008,18240179,PINELLAS,FL,917740,933646.5695688062
2008,18240179,POLK,FL,578456,171113.17612785212
2008,18240179,PUTNAM,FL,73578,45305.65105376259
2008,18240179,ST. JOHNS,FL,176677,56641.758213537716
2008,18240179,ST. LUCIE,FL,260343,139178.02248922575
2008,18240179,SANTA ROSA,FL,144648,57690.95086171268
2008,18240179,SARASOTA,FL,368746,324196.6680051903
2008,18240179,SEMINOLE,FL,411256,256465.7715015653
2008,18240179,SUMTER,FL,85401,21509.172271725038
2008,18240179,SUWANNEE,FL,40217,12980.800460675013
2008,18240179,TAYLOR,FL,21909,8597.878620000003
2008,18240179,UNION,FL,15116,3458.1646933499987
2008,18240179,VOLUSIA,FL,484353,275349.33692035254
2008,18240179,WAKULLA,FL,29201,8114.921953500003
2008,18240179,WALTON,FL,52145,24625.18568233754
2008,18240179,WASHINGTON,FL,24111,11461.812004125011
2009,18522380,ALACHUA,FL,244397,141281.0481854258
2009,18522380,BAKER,FL,26629,19165.967295000013
2009,18522380,BAY,FL,166792,68131.16719293797
2009,18522380,BRADFORD,FL,28274,21250.94966681253
2009,18522380,BREVARD,FL,536662,365366.2497193523
2009,18522380,BROWARD,FL,1735627,2584508.1140166502
2009,18522380,CALHOUN,FL,14460,2580.235469999998
2009,18522380,CHARLOTTE,FL,158126,191565.34862748848
2009,18522380,CITRUS,FL,138914,81649.55125245031
2009,18522380,CLAY,FL,185860,125011.36716611318
2009,18522380,COLLIER,FL,314511,202995.6962676763
2009,18522380,COLUMBIA,FL,66412,40150.096770225085
2009,18522380,DESOTO,FL,34598,9826.920240000007
2009,18522380,DIXIE,FL,16152,2874.6690413624992
2009,18522380,DUVAL,FL,855729,534398.118650822
2009,18522380,ESCAMBIA,FL,297295,127790.39184472602
2009,18522380,FLAGLER,FL,91110,45094.20611726259
2009,18522380,FRANKLIN,FL,11375,1955.3521199999998
2009,18522380,GADSDEN,FL,47474,7168.381856812496
2009,18522380,GILCHRIST,FL,16688,6117.871991362497
2009,18522380,GLADES,FL,12646,2627.3112
2009,18522380,GULF,FL,15727,3494.6217074999986
2009,18522380,HAMILTON,FL,14653,2305.1553524999995
2009,18522380,HARDEE,FL,27646,7751.6213925
2009,18522380,HENDRY,FL,38848,22472.576881575013
2009,18522380,HERNANDO,FL,168577,245050.01594726378
2009,18522380,HIGHLANDS,FL,97651,33721.288500675044
2009,18522380,HILLSBOROUGH,FL,1206156,2124149.030850971
2009,18522380,HOLMES,FL,19788,5461.291740449994
2009,18522380,INDIAN RIVER,FL,135512,79226.0771193004
2009,18522380,JACKSON,FL,49463,13341.58683750002
2009,18522380,JEFFERSON,FL,14568,2413.2784838625
2009,18522380,LAFAYETTE,FL,8684,1257.662175
2009,18522380,LAKE,FL,288385,140752.49857087637
2009,18522380,LEE,FL,600966,439929.9309884682
2009,18522380,LEON,FL,271891,55928.52241912518
2009,18522380,LEVY,FL,40163,33730.54989090004
2009,18522380,LIBERTY,FL,8226,686.3628
2009,18522380,MADISON,FL,19179,3389.4532243124972
2009,18522380,MANATEE,FL,316988,228282.89993021404
2009,18522380,MARION,FL,324060,177998.0980790639
2009,18522380,MARTIN,FL,144849,121781.25651090054
2009,18522380,MIAMI-DADE,FL,2473591,801945.1460798702
2009,18522380,MONROE,FL,73743,71369.62996953771
2009,18522380,NASSAU,FL,71739,45514.90099500005
2009,18522380,OKALOOSA,FL,179790,58085.7868360877
2009,18522380,OKEECHOBEE,FL,39586,35903.96056931252
2009,18522380,ORANGE,FL,1120970,688873.4670696491
2009,18522380,OSCEOLA,FL,259064,225661.7926258509
2009,18522380,PALM BEACH,FL,1301244,1813924.7727786978
2009,18522380,PASCO,FL,452704,561319.1654819326
2009,18522380,PINELLAS,FL,917270,1035506.5572697439
2009,18522380,POLK,FL,590277,198919.97026203945
2009,18522380,PUTNAM,FL,73973,71246.09851038766
2009,18522380,ST. JOHNS,FL,183357,75312.16558447541
2009,18522380,ST. LUCIE,FL,268801,166843.1393083883
2009,18522380,SANTA ROSA,FL,148010,67867.26888157526
2009,18522380,SARASOTA,FL,374089,367976.23220970226
2009,18522380,SEMINOLE,FL,416982,320779.0559958776
2009,18522380,SUMTER,FL,89409,30569.09490453753
2009,18522380,SUWANNEE,FL,40884,12835.535907037516
2009,18522380,TAYLOR,FL,22241,11572.548858862514
2009,18522380,UNION,FL,15327,4037.616628387499
2009,18522380,VOLUSIA,FL,489474,370128.3798410647
2009,18522380,WAKULLA,FL,29994,8481.538980000003
2009,18522380,WALTON,FL,53593,29237.20863746256
2009,18522380,WASHINGTON,FL,24503,13060.632694987507
2010,18804580,ALACHUA,FL,247337,150910.78587588842
2010,18804580,BAKER,FL,27115,29821.45321500003
2010,18804580,BAY,FL,168852,73912.3022531631
2010,18804580,BRADFORD,FL,28520,26551.078983862528
2010,18804580,BREVARD,FL,543372,508840.97649446625
2010,18804580,BROWARD,FL,1748146,3026736.844585437
2010,18804580,CALHOUN,FL,14625,2722.435964999998
2010,18804580,CHARLOTTE,FL,159964,230654.24658952624
2010,18804580,CITRUS,FL,141229,111738.27332778815
2010,18804580,CLAY,FL,190865,144996.73572806342
2010,18804580,COLLIER,FL,321521,237663.77975358928
2010,18804580,COLUMBIA,FL,67526,54609.82727295019
2010,18804580,DESOTO,FL,34862,13087.62123750001
2010,18804580,DIXIE,FL,16422,2657.1103499999995
2010,18804580,DUVAL,FL,864267,765000.296947213
2010,18804580,ESCAMBIA,FL,297620,156708.20749410125
2010,18804580,FLAGLER,FL,95703,54742.93905453764
2010,18804580,FRANKLIN,FL,11549,2736.8763674999987
2010,18804580,GADSDEN,FL,47744,8384.369197500002
2010,18804580,GILCHRIST,FL,16941,5760.958282724997
2010,18804580,GLADES,FL,12881,6489.442050000001
2010,18804580,GULF,FL,15861,4311.716249999998
2010,18804580,HAMILTON,FL,14799,3470.682828862499
2010,18804580,HARDEE,FL,27731,8867.19339
2010,18804580,HENDRY,FL,39143,27617.01531000001
2010,18804580,HERNANDO,FL,172777,331289.8299954397
2010,18804580,HIGHLANDS,FL,98786,45729.84357431257
2010,18804580,HILLSBOROUGH,FL,1229178,2801560.6110110753
2010,18804580,HOLMES,FL,19924,5004.425704087495
2010,18804580,INDIAN RIVER,FL,138028,111822.90470928821
2010,18804580,JACKSON,FL,49761,14859.564825000027
2010,18804580,JEFFERSON,FL,14759,2637.125017499999
2010,18804580,LAFAYETTE,FL,8870,1363.4092875
2010,18804580,LAKE,FL,297052,177229.26266111413
2010,18804580,LEE,FL,618754,680132.8328028435
2010,18804580,LEON,FL,275484,56268.73599817527
2010,18804580,LEVY,FL,40801,36649.652385900044
2010,18804580,LIBERTY,FL,8365,1141.6443375
2010,18804580,MADISON,FL,19230,4027.7635124999974
2010,18804580,MANATEE,FL,322879,360934.68390885193
2010,18804580,MARION,FL,331299,216686.24085168933
2010,18804580,MARTIN,FL,146852,149894.56248135073
2010,18804580,MIAMI-DADE,FL,2498013,1242761.206921471
2010,18804580,MONROE,FL,73090,77309.96657542528
2010,18804580,NASSAU,FL,73310,55038.31814681262
2010,18804580,OKALOOSA,FL,180825,61460.16682545031
2010,18804580,OKEECHOBEE,FL,39996,55324.33029045006
2010,18804580,ORANGE,FL,1145954,1118030.4767553909
2010,18804580,OSCEOLA,FL,268683,289370.5034899886
2010,18804580,PALM BEACH,FL,1320135,1897698.5658720096
2010,18804580,PASCO,FL,464703,761605.8105572335
2010,18804580,PINELLAS,FL,916804,1438059.3423179933
2010,18804580,POLK,FL,602098,285711.95230702846
2010,18804580,PUTNAM,FL,74368,97258.92064856278
2010,18804580,ST. JOHNS,FL,190034,113272.6856979381
2010,18804580,ST. LUCIE,FL,277255,212293.2996272636
2010,18804580,SANTA ROSA,FL,151371,89435.96215725037
2010,18804580,SARASOTA,FL,379435,426108.3153456028
2010,18804580,SEMINOLE,FL,422713,491538.44898926583
2010,18804580,SUMTER,FL,93420,58311.86179680012
2010,18804580,SUWANNEE,FL,41555,13182.171206362511
2010,18804580,TAYLOR,FL,22571,9613.774046362505
2010,18804580,UNION,FL,15535,5090.004848174999
2010,18804580,VOLUSIA,FL,494596,481913.3875671777
2010,18804580,WAKULLA,FL,30783,8909.323653862506
2010,18804580,WALTON,FL,55043,36549.72888131255
2010,18804580,WASHINGTON,FL,24896,14208.243114900008
2011,19116423,ALACHUA,FL,250164,145750.68089928833
2011,19116423,BAKER,FL,27270,32777.55312000003
2011,19116423,BAY,FL,170906,73505.84484768817
2011,19116423,BRADFORD,FL,28422,21271.099192500016
2011,19116423,BREVARD,FL,550057,481720.14990375267
2011,19116423,BROWARD,FL,1773535,1492503.4476554003
2011,19116423,CALHOUN,FL,14620,2810.6887313624975
2011,19116423,CHARLOTTE,FL,163093,207165.20628813855
2011,19116423,CITRUS,FL,142067,148717.25340453823
2011,19116423,CLAY,FL,194016,149491.52033715093
2011,19116423,COLLIER,FL,328642,198903.37525608885
2011,19116423,COLUMBIA,FL,67898,50996.45302500019
2011,19116423,DESOTO,FL,35190,18280.029405000005
2011,19116423,DIXIE,FL,16457,2559.3821699999994
2011,19116423,DUVAL,FL,875006,659029.6981377836
2011,19116423,ESCAMBIA,FL,299859,146310.74382427632
2011,19116423,FLAGLER,FL,97749,58500.274695675165
2011,19116423,FRANKLIN,FL,11572,2695.1848163624995
2011,19116423,GADSDEN,FL,47513,10053.993885000007
2011,19116423,GILCHRIST,FL,17105,5709.070004999996
2011,19116423,GLADES,FL,12986,4646.4681
2011,19116423,GULF,FL,15899,3866.418202499998
2011,19116423,HAMILTON,FL,14738,3033.594877499999
2011,19116423,HARDEE,FL,27670,9282.533205000007
2011,19116423,HENDRY,FL,39445,26953.096248862515
2011,19116423,HERNANDO,FL,175038,239292.42987067625
2011,19116423,HIGHLANDS,FL,99616,54161.62926453762
2011,19116423,HILLSBOROUGH,FL,1255142,1533314.549951302
2011,19116423,HOLMES,FL,19868,5188.443866362493
2011,19116423,INDIAN RIVER,FL,140451,141158.72960861347
2011,19116423,JACKSON,FL,49579,16484.63848500002
2011,19116423,JEFFERSON,FL,14700,2823.451934999999
2011,19116423,LAFAYETTE,FL,8853,1307.1051675
2011,19116423,LAKE,FL,304482,179071.46538701418
2011,19116423,LEE,FL,635736,587055.7268651688
2011,19116423,LEON,FL,277611,58086.07297545035
2011,19116423,LEVY,FL,40797,36064.200581587545
2011,19116423,LIBERTY,FL,8377,821.8818
2011,19116423,MADISON,FL,19142,4642.083652499996
2011,19116423,MANATEE,FL,331876,326820.05507583875
2011,19116423,MARION,FL,334884,209503.1985488267
2011,19116423,MARTIN,FL,148610,137044.5964252131
2011,19116423,MIAMI-DADE,FL,2530959,1070607.759441298
2011,19116423,MONROE,FL,73332,71118.77676247522
2011,19116423,NASSAU,FL,74875,64563.82789567522
2011,19116423,OKALOOSA,FL,184131,63730.01040067538
2011,19116423,OKEECHOBEE,FL,40189,49274.62340681254
2011,19116423,ORANGE,FL,1175290,879529.7461212476
2011,19116423,OSCEOLA,FL,281096,188818.98852862584
2011,19116423,PALM BEACH,FL,1340861,1063694.692981361
2011,19116423,PASCO,FL,474069,678130.6519053435
2011,19116423,PINELLAS,FL,924114,1262519.9673723623
2011,19116423,POLK,FL,615337,281211.8444758902
2011,19116423,PUTNAM,FL,74342,96933.5993928753
2011,19116423,ST. JOHNS,FL,198062,92067.24857385072
2011,19116423,ST. LUCIE,FL,282739,273106.06120792637
2011,19116423,SANTA ROSA,FL,154868,90109.91588021295
2011,19116423,SARASOTA,FL,385345,412731.76329697727
2011,19116423,SEMINOLE,FL,428353,521292.2365392405
2011,19116423,SUMTER,FL,97837,54304.06510226263
2011,19116423,SUWANNEE,FL,41885,14079.857971125019
2011,19116423,TAYLOR,FL,22453,10229.764905225009
2011,19116423,UNION,FL,15461,3801.527356574998
2011,19116423,VOLUSIA,FL,501214,396323.02802081447
2011,19116423,WAKULLA,FL,30993,9653.313382725004
2011,19116423,WALTON,FL,57085,35063.18099358754
2011,19116423,WASHINGTON,FL,24894,13964.081089987509
2012,19428266,ALACHUA,FL,252991,127727.61302156346
2012,19428266,BAKER,FL,27425,21659.461650000023
2012,19428266,BAY,FL,172960,73272.6533513257
2012,19428266,BRADFORD,FL,28324,16872.471022500013
2012,19428266,BREVARD,FL,556742,363107.37734235154
2012,19428266,BROWARD,FL,1798924,809178.9096923735
2012,19428266,CALHOUN,FL,14615,2793.381479999999
2012,19428266,CHARLOTTE,FL,166222,120917.4271983758
2012,19428266,CITRUS,FL,142905,101576.39330385061
2012,19428266,CLAY,FL,197167,134424.4062445136
2012,19428266,COLLIER,FL,335763,141917.0842426886
2012,19428266,COLUMBIA,FL,68270,49737.84483000016
2012,19428266,DESOTO,FL,35518,16695.97379250002
2012,19428266,DIXIE,FL,16492,3326.2425943125
2012,19428266,DUVAL,FL,885745,555328.0796860204
2012,19428266,ESCAMBIA,FL,302098,129016.23428400155
2012,19428266,FLAGLER,FL,99795,54252.292179525146
2012,19428266,FRANKLIN,FL,11595,2741.930692499999
2012,19428266,GADSDEN,FL,47282,8671.229358862503
2012,19428266,GILCHRIST,FL,17269,5469.281212499996
2012,19428266,GLADES,FL,13091,1898.2095000000002
2012,19428266,GULF,FL,15937,4012.6529024999977
2012,19428266,HAMILTON,FL,14677,2549.6674875
2012,19428266,HARDEE,FL,27609,7940.830061362504
2012,19428266,HENDRY,FL,39747,19653.150187500007
2012,19428266,HERNANDO,FL,177299,163153.66029018845
2012,19428266,HIGHLANDS,FL,100446,41042.59796340006
2012,19428266,HILLSBOROUGH,FL,1281106,855609.666484135
2012,19428266,HOLMES,FL,19812,5462.597159999993
2012,19428266,INDIAN RIVER,FL,142874,98923.32428561327
2012,19428266,JACKSON,FL,49397,17427.980370000027
2012,19428266,JEFFERSON,FL,14641,2213.91552
2012,19428266,LAFAYETTE,FL,8836,1295.0002725000002
2012,19428266,LAKE,FL,311912,156520.69777518927
2012,19428266,LEE,FL,652718,272161.0357002787
2012,19428266,LEON,FL,279738,61292.559110437905
2012,19428266,LEVY,FL,40793,28221.14943180004
2012,19428266,LIBERTY,FL,8389,764.57925
2012,19428266,MADISON,FL,19054,4504.777439999996
2012,19428266,MANATEE,FL,340873,219299.73861375154
2012,19428266,MARION,FL,338469,175709.7753719647
2012,19428266,MARTIN,FL,150368,85087.55261951295
2012,19428266,MIAMI-DADE,FL,2563905,503313.85781025304
2012,19428266,MONROE,FL,73574,47813.946582450095
2012,19428266,NASSAU,FL,76440,60370.36705567522
2012,19428266,OKALOOSA,FL,187437,64457.98492338791
2012,19428266,OKEECHOBEE,FL,40382,32380.21279635004
2012,19428266,ORANGE,FL,1204626,536535.5904659684
2012,19428266,OSCEOLA,FL,293509,126453.88542135076
2012,19428266,PALM BEACH,FL,1361587,625882.0926076571
2012,19428266,PASCO,FL,483435,345632.15516118996
2012,19428266,PINELLAS,FL,931424,687164.8072971493
2012,19428266,POLK,FL,628576,232197.5994445526
2012,19428266,PUTNAM,FL,74316,58549.293525412664
2012,19428266,ST. JOHNS,FL,206090,72420.25782135052
2012,19428266,ST. LUCIE,FL,288223,143969.89979722604
2012,19428266,SANTA ROSA,FL,158365,79863.11723385041
2012,19428266,SARASOTA,FL,391255,266242.8890628391
2012,19428266,SEMINOLE,FL,433993,186169.02560921432
2012,19428266,SUMTER,FL,102254,45944.80434427507
2012,19428266,SUWANNEE,FL,42215,13754.141579287516
2012,19428266,TAYLOR,FL,22335,10201.239000000009
2012,19428266,UNION,FL,15387,3553.925989762499
2012,19428266,VOLUSIA,FL,507832,265012.3541039648
2012,19428266,WAKULLA,FL,31203,9747.856447725004
2012,19428266,WALTON,FL,59127,32404.678426762537
2012,19428266,WASHINGTON,FL,24892,15658.135787925003
2013,19740109,ALACHUA,FL,255818,0.0
2013,19740109,BAKER,FL,27580,0.0
2013,19740109,BAY,FL,175014,0.0
2013,19740109,BRADFORD,FL,28226,0.0
2013,19740109,BREVARD,FL,563427,0.0
2013,19740109,BROWARD,FL,1824313,0.0
2013,19740109,CALHOUN,FL,14610,0.0
2013,19740109,CHARLOTTE,FL,169351,0.0
2013,19740109,CITRUS,FL,143743,0.0
2013,19740109,CLAY,FL,200318,0.0
2013,19740109,COLLIER,FL,342884,0.0
2013,19740109,COLUMBIA,FL,68642,0.0
2013,19740109,DESOTO,FL,35846,0.0
2013,19740109,DIXIE,FL,16527,0.0
2013,19740109,DUVAL,FL,896484,0.0
2013,19740109,ESCAMBIA,FL,304337,0.0
2013,19740109,FLAGLER,FL,101841,0.0
2013,19740109,FRANKLIN,FL,11618,0.0
2013,19740109,GADSDEN,FL,47051,0.0
2013,19740109,GILCHRIST,FL,17433,0.0
2013,19740109,GLADES,FL,13196,0.0
2013,19740109,GULF,FL,15975,0.0
2013,19740109,HAMILTON,FL,14616,0.0
2013,19740109,HARDEE,FL,27548,0.0
2013,19740109,HENDRY,FL,40049,0.0
2013,19740109,HERNANDO,FL,179560,0.0
2013,19740109,HIGHLANDS,FL,101276,0.0
2013,19740109,HILLSBOROUGH,FL,1307070,0.0
2013,19740109,HOLMES,FL,19756,0.0
2013,19740109,INDIAN RIVER,FL,145297,0.0
2013,19740109,JACKSON,FL,49215,0.0
2013,19740109,JEFFERSON,FL,14582,0.0
2013,19740109,LAFAYETTE,FL,8819,0.0
2013,19740109,LAKE,FL,319342,0.0
2013,19740109,LEE,FL,669700,0.0
2013,19740109,LEON,FL,281865,0.0
2013,19740109,LEVY,FL,40789,0.0
2013,19740109,LIBERTY,FL,8401,0.0
2013,19740109,MADISON,FL,18966,0.0
2013,19740109,MANATEE,FL,349870,0.0
2013,19740109,MARION,FL,342054,0.0
2013,19740109,MARTIN,FL,152126,0.0
2013,19740109,MIAMI-DADE,FL,2596851,0.0
2013,19740109,MONROE,FL,73816,0.0
2013,19740109,NASSAU,FL,78005,0.0
2013,19740109,OKALOOSA,FL,190743,0.0
2013,19740109,OKEECHOBEE,FL,40575,0.0
2013,19740109,ORANGE,FL,1233962,0.0
2013,19740109,OSCEOLA,FL,305922,0.0
2013,19740109,PALM BEACH,FL,1382313,0.0
2013,19740109,PASCO,FL,492801,0.0
2013,19740109,PINELLAS,FL,938734,0.0
2013,19740109,POLK,FL,641815,0.0
2013,19740109,PUTNAM,FL,74290,0.0
2013,19740109,ST. JOHNS,FL,214118,0.0
2013,19740109,ST. LUCIE,FL,293707,0.0
2013,19740109,SANTA ROSA,FL,161862,0.0
2013,19740109,SARASOTA,FL,397165,0.0
2013,19740109,SEMINOLE,FL,439633,0.0
2013,19740109,SUMTER,FL,106671,0.0
2013,19740109,SUWANNEE,FL,42545,0.0
2013,19740109,TAYLOR,FL,22217,0.0
2013,19740109,UNION,FL,15313,0.0
2013,19740109,VOLUSIA,FL,514450,0.0
2013,19740109,WAKULLA,FL,31413,0.0
2013,19740109,WALTON,FL,61169,0.0
2013,19740109,WASHINGTON,FL,24890,0.0
2014,20051952,ALACHUA,FL,258645,0.0
2014,20051952,BAKER,FL,27735,0.0
2014,20051952,BAY,FL,177068,0.0
2014,20051952,BRADFORD,FL,28128,0.0
2014,20051952,BREVARD,FL,570112,0.0
2014,20051952,BROWARD,FL,1849702,0.0
2014,20051952,CALHOUN,FL,14605,0.0
2014,20051952,CHARLOTTE,FL,172480,0.0
2014,20051952,CITRUS,FL,144581,0.0
2014,20051952,CLAY,FL,203469,0.0
2014,20051952,COLLIER,FL,350005,0.0
2014,20051952,COLUMBIA,FL,69014,0.0
2014,20051952,DESOTO,FL,36174,0.0
2014,20051952,DIXIE,FL,16562,0.0
2014,20051952,DUVAL,FL,907223,0.0
2014,20051952,ESCAMBIA,FL,306576,0.0
2014,20051952,FLAGLER,FL,103887,0.0
2014,20051952,FRANKLIN,FL,11641,0.0
2014,20051952,GADSDEN,FL,46820,0.0
2014,20051952,GILCHRIST,FL,17597,0.0
2014,20051952,GLADES,FL,13301,0.0
2014,20051952,GULF,FL,16013,0.0
2014,20051952,HAMILTON,FL,14555,0.0
2014,20051952,HARDEE,FL,27487,0.0
2014,20051952,HENDRY,FL,40351,0.0
2014,20051952,HERNANDO,FL,181821,0.0
2014,20051952,HIGHLANDS,FL,102106,0.0
2014,20051952,HILLSBOROUGH,FL,1333034,0.0
2014,20051952,HOLMES,FL,19700,0.0
2014,20051952,INDIAN RIVER,FL,147720,0.0
2014,20051952,JACKSON,FL,49033,0.0
2014,20051952,JEFFERSON,FL,14523,0.0
2014,20051952,LAFAYETTE,FL,8802,0.0
2014,20051952,LAKE,FL,326772,0.0
2014,20051952,LEE,FL,686682,0.0
2014,20051952,LEON,FL,283992,0.0
2014,20051952,LEVY,FL,40785,0.0
2014,20051952,LIBERTY,FL,8413,0.0
2014,20051952,MADISON,FL,18878,0.0
2014,20051952,MANATEE,FL,358867,0.0
2014,20051952,MARION,FL,345639,0.0
2014,20051952,MARTIN,FL,153884,0.0
2014,20051952,MIAMI-DADE,FL,2629797,0.0
2014,20051952,MONROE,FL,74058,0.0
2014,20051952,NASSAU,FL,79570,0.0
2014,20051952,OKALOOSA,FL,194049,0.0
2014,20051952,OKEECHOBEE,FL,40768,0.0
2014,20051952,ORANGE,FL,1263298,0.0
2014,20051952,OSCEOLA,FL,318335,0.0
2014,20051952,PALM BEACH,FL,1403039,0.0
2014,20051952,PASCO,FL,502167,0.0
2014,20051952,PINELLAS,FL,946044,0.0
2014,20051952,POLK,FL,655054,0.0
2014,20051952,PUTNAM,FL,74264,0.0
2014,20051952,ST. JOHNS,FL,222146,0.0
2014,20051952,ST. LUCIE,FL,299191,0.0
2014,20051952,SANTA ROSA,FL,165359,0.0
2014,20051952,SARASOTA,FL,403075,0.0
2014,20051952,SEMINOLE,FL,445273,0.0
2014,20051952,SUMTER,FL,111088,0.0
2014,20051952,SUWANNEE,FL,42875,0.0
2014,20051952,TAYLOR,FL,22099,0.0
2014,20051952,UNION,FL,15239,0.0
2014,20051952,VOLUSIA,FL,521068,0.0
2014,20051952,WAKULLA,FL,31623,0.0
2014,20051952,WALTON,FL,63211,0.0
2014,20051952,WASHINGTON,FL,24888,0.0
2015,20363795,ALACHUA,FL,261472,0.0
2015,20363795,BAKER,FL,27890,0.0
2015,20363795,BAY,FL,179122,0.0
2015,20363795,BRADFORD,FL,28030,0.0
2015,20363795,BREVARD,FL,576797,0.0
2015,20363795,BROWARD,FL,1875091,0.0
2015,20363795,CALHOUN,FL,14600,0.0
2015,20363795,CHARLOTTE,FL,175609,0.0
2015,20363795,CITRUS,FL,145419,0.0
2015,20363795,CLAY,FL,206620,0.0
2015,20363795,COLLIER,FL,357126,0.0
2015,20363795,COLUMBIA,FL,69386,0.0
2015,20363795,DESOTO,FL,36502,0.0
2015,20363795,DIXIE,FL,16597,0.0
2015,20363795,DUVAL,FL,917962,0.0
2015,20363795,ESCAMBIA,FL,308815,0.0
2015,20363795,FLAGLER,FL,105933,0.0
2015,20363795,FRANKLIN,FL,11664,0.0
2015,20363795,GADSDEN,FL,46589,0.0
2015,20363795,GILCHRIST,FL,17761,0.0
2015,20363795,GLADES,FL,13406,0.0
2015,20363795,GULF,FL,16051,0.0
2015,20363795,HAMILTON,FL,14494,0.0
2015,20363795,HARDEE,FL,27426,0.0
2015,20363795,HENDRY,FL,40653,0.0
2015,20363795,HERNANDO,FL,184082,0.0
2015,20363795,HIGHLANDS,FL,102936,0.0
2015,20363795,HILLSBOROUGH,FL,1358998,0.0
2015,20363795,HOLMES,FL,19644,0.0
2015,20363795,INDIAN RIVER,FL,150143,0.0
2015,20363795,JACKSON,FL,48851,0.0
2015,20363795,JEFFERSON,FL,14464,0.0
2015,20363795,LAFAYETTE,FL,8785,0.0
2015,20363795,LAKE,FL,334202,0.0
2015,20363795,LEE,FL,703664,0.0
2015,20363795,LEON,FL,286119,0.0
2015,20363795,LEVY,FL,40781,0.0
2015,20363795,LIBERTY,FL,8425,0.0
2015,20363795,MADISON,FL,18790,0.0
2015,20363795,MANATEE,FL,367864,0.0
2015,20363795,MARION,FL,349224,0.0
2015,20363795,MARTIN,FL,155642,0.0
2015,20363795,MIAMI-DADE,FL,2662743,0.0
2015,20363795,MONROE,FL,74300,0.0
2015,20363795,NASSAU,FL,81135,0.0
2015,20363795,OKALOOSA,FL,197355,0.0
2015,20363795,OKEECHOBEE,FL,40961,0.0
2015,20363795,ORANGE,FL,1292634,0.0
2015,20363795,OSCEOLA,FL,330748,0.0
2015,20363795,PALM BEACH,FL,1423765,0.0
2015,20363795,PASCO,FL,511533,0.0
2015,20363795,PINELLAS,FL,953354,0.0
2015,20363795,POLK,FL,668293,0.0
2015,20363795,PUTNAM,FL,74238,0.0
2015,20363795,ST. JOHNS,FL,230174,0.0
2015,20363795,ST. LUCIE,FL,304675,0.0
2015,20363795,SANTA ROSA,FL,168856,0.0
2015,20363795,SARASOTA,FL,408985,0.0
2015,20363795,SEMINOLE,FL,450913,0.0
2015,20363795,SUMTER,FL,115505,0.0
2015,20363795,SUWANNEE,FL,43205,0.0
2015,20363795,TAYLOR,FL,21981,0.0
2015,20363795,UNION,FL,15165,0.0
2015,20363795,VOLUSIA,FL,527686,0.0
2015,20363795,WAKULLA,FL,31833,0.0
2015,20363795,WALTON,FL,65253,0.0
2015,20363795,WASHINGTON,FL,24886,0.0
